{"cameraMode":{"drawMode":0,"name":"Shaded","section":"Shading Mode"},"sceneLighting":false,"audioPlay":false,"sceneViewState":{"showFog":true,"showMaterialUpdate":false,"showSkybox":true,"showFlares":true,"showImageEffects":true,"showParticleSystems":true},"in2DMode":false,"pivot":{"x":16.632896423339845,"y":-9.287346839904786,"z":9.509703636169434},"rotation":{"x":0.19611328840255738,"y":0.007354312110692263,"z":-0.001470903167501092,"w":0.9805532097816467},"size":24.839298248291017,"orthographic":false}